<addons>
    <addon id="plugin.program.colossaltv" name="COLOSSALTV Wizard" version="1.4.9" provider-name="Trime">
        <extension point="xbmc.python.pluginsource" library="default.py">
            <provides>executable</provides>
        </extension>
        <extension point="xbmc.service" library="startup.py" start="startup" />
        <extension point="xbmc.addon.metadata">
            <summary lang="en">COLOSSALTV Wizard</summary>
            <description lang="en">COLOSSALTV offers maintenance tools, selective data saving, and automated build installs.</description>
            <platform>all</platform>
        </extension>
    </addon>
</addons>
